{"cameraMode":{"drawMode":0,"name":"Shaded","section":"Shading Mode"},"sceneLighting":false,"audioPlay":false,"sceneViewState":{"m_AlwaysRefresh":false,"showFog":true,"showSkybox":true,"showFlares":true,"showImageEffects":true,"showParticleSystems":true,"showVisualEffectGraphs":true,"m_FxEnabled":true},"in2DMode":false,"pivot":{"x":-57.88822937011719,"y":-62.55759048461914,"z":222.85446166992188},"rotation":{"x":0.118728868663311,"y":-0.040504518896341327,"z":0.004849529825150967,"w":0.9920942783355713},"size":147.14915466308595,"orthographic":false}